id,region,type1,type2
3,Mega,grass,poison
6,Mega X,fire,dragon
6,Mega Y,fire,flying
9,Mega,water,
15,Mega,bug,poison
18,Mega,normal,flying
19,Alolan,dark,normal
20,Alolan,dark,normal
26,Alolan,electric,psychic
26,Mega X,electric,
26,Mega Y,electric,
27,Alolan,ice,steel
28,Alolan,ice,steel
36,Mega,fairy,flying
37,Alolan,ice,
38,Alolan,ice,fairy
50,Alolan,ground,steel
51,Alolan,ground,steel
52,Alolan,dark,
52,Galarian,steel,
53,Alolan,dark,
58,Hisuian,fire,rock
59,Hisuian,fire,rock
65,Mega,psychic,
71,Mega,grass,poison
74,Alolan,rock,electric
75,Alolan,rock,electric
76,Alolan,rock,electric
77,Galarian,psychic,
78,Galarian,psychic,fairy
79,Galarian,psychic,
80,Mega,water,psychic
80,Galarian,poison,psychic
83,Galarian,fighting,
88,Alolan,poison,dark
89,Alolan,poison,dark
94,Mega,ghost,poison
100,Hisuian,electric,grass
101,Hisuian,electric,grass
103,Alolan,grass,dragon
105,Alolan,fire,ghost
110,Galarian,poison,fairy
115,Mega,normal,
121,Mega,water,psychic
122,Galarian,ice,psychic
127,Mega,bug,flying
130,Mega,water,dark
142,Mega,rock,flying
144,Galarian,psychic,flying
145,Galarian,fighting,flying
146,Galarian,dark,flying
149,Mega,dragon,flying
150,Mega X,psychic,fighting
150,Mega Y,psychic,
154,Mega,grass,fairy
157,Hisuian,fire,ghost
160,Mega,water,dragon
181,Mega,electric,dragon
194,Paldean,poison,ground
199,Galarian,poison,psychic
208,Mega,steel,ground
211,Hisuian,dark,poison
212,Mega,bug,steel
214,Mega,bug,fighting
215,Hisuian,fighting,poison
222,Galarian,ghost,
227,Mega,steel,flying
229,Mega,dark,fire
248,Mega,rock,dark
254,Mega,grass,dragon
257,Mega,fire,fighting
260,Mega,water,ground
263,Galarian,dark,normal
264,Galarian,dark,normal
282,Mega,psychic,fairy
302,Mega,dark,ghost
303,Mega,steel,fairy
306,Mega,steel,
308,Mega,fighting,psychic
310,Mega,electric,
319,Mega,water,dark
323,Mega,fire,ground
334,Mega,dragon,fairy
354,Mega,ghost,
358,Mega,psychic,steel
359,Mega,dark,
359,Mega Z,dark,ghost
362,Mega,ice,
373,Mega,dragon,flying
376,Mega,steel,psychic
380,Mega,dragon,psychic
381,Mega,dragon,psychic
382,Primal,water,
383,Primal,ground,fire
384,Mega,dragon,flying
398,Mega,fighting,flying
428,Mega,normal,fighting
445,Mega,dragon,ground
445,Mega Z,dragon,
448,Mega,fighting,steel
448,Mega Z,fighting,steel
460,Mega,grass,ice
475,Mega,psychic,fighting
478,Mega,ice,ghost
485,Mega,fire,steel
491,Mega,dark,
500,Mega,fire,fighting
503,Hisuian,water,dark
530,Mega,ground,steel
531,Mega,normal,fairy
545,Mega,bug,poison
549,Hisuian,grass,fighting
554,Galarian,ice,
555,Galarian Standard Mode,ice,
555,Galarian Zen Mode,ice,fire
560,Mega,dark,fighting
562,Galarian,ground,ghost
570,Hisuian,normal,ghost
571,Hisuian,normal,ghost
604,Mega,electric,
609,Mega,ghost,fire
618,Galarian,ground,steel
623,Mega,ground,ghost
628,Hisuian,psychic,flying
652,Mega,grass,fighting
655,Mega,fire,psychic
658,Mega,water,dark
668,Mega,fire,normal
670,Mega,fairy,
678,Mega,psychic,
687,Mega,dark,psychic
689,Mega,rock,fighting
691,Mega,poison,dragon
701,Mega,fighting,flying
705,Hisuian,steel,dragon
706,Hisuian,steel,dragon
713,Hisuian,ice,rock
718,Mega,dragon,ground
719,Mega,rock,fairy
724,Hisuian,grass,fighting
740,Mega,fighting,ice
768,Mega,bug,steel
780,Mega,normal,dragon
801,Mega,steel,fairy
807,Mega,electric,
870,Mega,fighting,
952,Mega,grass,fire
970,Mega,rock,poison
978,Mega,dragon,water
998,Mega,dragon,ice
25,Partner,electric,
133,Partner,normal,
