id,dex,number
387,Sinnoh,1
388,Sinnoh,2
389,Sinnoh,3
390,Sinnoh,4
391,Sinnoh,5
392,Sinnoh,6
393,Sinnoh,7
394,Sinnoh,8
395,Sinnoh,9
396,Sinnoh,10
397,Sinnoh,11
398,Sinnoh,12
399,Sinnoh,13
400,Sinnoh,14
401,Sinnoh,15
402,Sinnoh,16
403,Sinnoh,17
404,Sinnoh,18
405,Sinnoh,19
63,Sinnoh,20
64,Sinnoh,21
65,Sinnoh,22
129,Sinnoh,23
130,Sinnoh,24
406,Sinnoh,25
315,Sinnoh,26
407,Sinnoh,27
41,Sinnoh,28
42,Sinnoh,29
169,Sinnoh,30
74,Sinnoh,31
75,Sinnoh,32
76,Sinnoh,33
95,Sinnoh,34
208,Sinnoh,35
408,Sinnoh,36
409,Sinnoh,37
410,Sinnoh,38
411,Sinnoh,39
66,Sinnoh,40
67,Sinnoh,41
68,Sinnoh,42
54,Sinnoh,43
55,Sinnoh,44
412,Sinnoh,45
413,Sinnoh,46
414,Sinnoh,47
265,Sinnoh,48
266,Sinnoh,49
267,Sinnoh,50
268,Sinnoh,51
269,Sinnoh,52
415,Sinnoh,53
416,Sinnoh,54
417,Sinnoh,55
418,Sinnoh,56
419,Sinnoh,57
420,Sinnoh,58
421,Sinnoh,59
422,Sinnoh,60
423,Sinnoh,61
214,Sinnoh,62
190,Sinnoh,63
424,Sinnoh,64
425,Sinnoh,65
426,Sinnoh,66
427,Sinnoh,67
428,Sinnoh,68
92,Sinnoh,69
93,Sinnoh,70
94,Sinnoh,71
200,Sinnoh,72
429,Sinnoh,73
198,Sinnoh,74
430,Sinnoh,75
431,Sinnoh,76
432,Sinnoh,77
118,Sinnoh,78
119,Sinnoh,79
339,Sinnoh,80
340,Sinnoh,81
433,Sinnoh,82
358,Sinnoh,83
434,Sinnoh,84
435,Sinnoh,85
307,Sinnoh,86
308,Sinnoh,87
436,Sinnoh,88
437,Sinnoh,89
77,Sinnoh,90
78,Sinnoh,91
438,Sinnoh,92
185,Sinnoh,93
439,Sinnoh,94
122,Sinnoh,95
440,Sinnoh,96
113,Sinnoh,97
242,Sinnoh,98
173,Sinnoh,99
35,Sinnoh,100
36,Sinnoh,101
441,Sinnoh,102
172,Sinnoh,103
25,Sinnoh,104
26,Sinnoh,105
163,Sinnoh,106
164,Sinnoh,107
442,Sinnoh,108
443,Sinnoh,109
444,Sinnoh,110
445,Sinnoh,111
446,Sinnoh,112
143,Sinnoh,113
201,Sinnoh,114
447,Sinnoh,115
448,Sinnoh,116
194,Sinnoh,117
195,Sinnoh,118
278,Sinnoh,119
279,Sinnoh,120
203,Sinnoh,121
449,Sinnoh,122
450,Sinnoh,123
298,Sinnoh,124
183,Sinnoh,125
184,Sinnoh,126
451,Sinnoh,127
452,Sinnoh,128
453,Sinnoh,129
454,Sinnoh,130
455,Sinnoh,131
223,Sinnoh,132
224,Sinnoh,133
456,Sinnoh,134
457,Sinnoh,135
72,Sinnoh,136
73,Sinnoh,137
349,Sinnoh,138
350,Sinnoh,139
458,Sinnoh,140
226,Sinnoh,141
459,Sinnoh,142
460,Sinnoh,143
215,Sinnoh,144
461,Sinnoh,145
480,Sinnoh,146
481,Sinnoh,147
482,Sinnoh,148
483,Sinnoh,149
484,Sinnoh,150
490,Sinnoh,151
1,,
2,,
3,,
4,,
5,,
6,,
7,,
8,,
9,,
10,,
11,,
12,,
13,,
14,,
15,,
16,,
17,,
18,,
19,,
20,,
21,,
22,,
23,,
24,,
27,,
28,,
29,,
30,,
31,,
32,,
33,,
34,,
37,,
38,,
39,,
40,,
43,,
44,,
45,,
46,,
47,,
48,,
49,,
50,,
51,,
52,,
53,,
56,,
57,,
58,,
59,,
60,,
61,,
62,,
69,,
70,,
71,,
79,,
80,,
81,,
82,,
83,,
84,,
85,,
86,,
87,,
88,,
89,,
90,,
91,,
96,,
97,,
98,,
99,,
100,,
101,,
102,,
103,,
104,,
105,,
106,,
107,,
108,,
109,,
110,,
111,,
112,,
114,,
115,,
116,,
117,,
120,,
121,,
123,,
124,,
125,,
126,,
127,,
128,,
131,,
132,,
133,,
134,,
135,,
136,,
137,,
138,,
139,,
140,,
141,,
142,,
144,,
145,,
146,,
147,,
148,,
149,,
150,,
151,,
152,,
153,,
154,,
155,,
156,,
157,,
158,,
159,,
160,,
161,,
162,,
165,,
166,,
167,,
168,,
170,,
171,,
174,,
175,,
176,,
177,,
178,,
179,,
180,,
181,,
182,,
186,,
187,,
188,,
189,,
191,,
192,,
193,,
196,,
197,,
199,,
202,,
204,,
205,,
206,,
207,,
209,,
210,,
211,,
212,,
213,,
216,,
217,,
218,,
219,,
220,,
221,,
222,,
225,,
227,,
228,,
229,,
230,,
231,,
232,,
233,,
234,,
235,,
236,,
237,,
238,,
239,,
240,,
241,,
243,,
244,,
245,,
246,,
247,,
248,,
249,,
250,,
251,,
252,,
253,,
254,,
255,,
256,,
257,,
258,,
259,,
260,,
261,,
262,,
263,,
264,,
270,,
271,,
272,,
273,,
274,,
275,,
276,,
277,,
280,,
281,,
282,,
283,,
284,,
285,,
286,,
287,,
288,,
289,,
290,,
291,,
292,,
293,,
294,,
295,,
296,,
297,,
299,,
300,,
301,,
302,,
303,,
304,,
305,,
306,,
309,,
310,,
311,,
312,,
313,,
314,,
316,,
317,,
318,,
319,,
320,,
321,,
322,,
323,,
324,,
325,,
326,,
327,,
328,,
329,,
330,,
331,,
332,,
333,,
334,,
335,,
336,,
337,,
338,,
341,,
342,,
343,,
344,,
345,,
346,,
347,,
348,,
351,,
352,,
353,,
354,,
355,,
356,,
357,,
359,,
360,,
361,,
362,,
363,,
364,,
365,,
366,,
367,,
368,,
369,,
370,,
371,,
372,,
373,,
374,,
375,,
376,,
377,,
378,,
379,,
380,,
381,,
382,,
383,,
384,,
385,,
386,,
462,,
463,,
464,,
465,,
466,,
467,,
468,,
469,,
470,,
471,,
472,,
473,,
474,,
475,,
476,,
477,,
478,,
479,,
485,,
486,,
487,,
488,,
489,,
491,,
492,,
493,,
